<beans xmlns="http://www.springframework.org/schema/beans"
	xmlns:xsi="http://www.w3.org/2001/XMLSchema-instance"
	xmlns:context="http://www.springframework.org/schema/context"
	xsi:schemaLocation="http://www.springframework.org/schema/beans
    http://www.springframework.org/schema/beans/spring-beans-3.0.xsd
    http://www.springframework.org/schema/context
    http://www.springframework.org/schema/context/spring-context-3.0.xsd">

	<bean id="product" class="com.gol.springcore.Product">
		<constructor-arg name="productId" value="123"></constructor-arg>
		<constructor-arg name="productName" value="samsung"></constructor-arg>
		<constructor-arg name="productPrice" value="45000"></constructor-arg>
		<constructor-arg name="productDesc" value="laptop"></constructor-arg>
	</bean>
</beans>   